{
  "consumer_login_api_url": "https://api.qa.sunnyrewards.com/api/v1/login/consumer-login",
  "consumer_summary_api_url": "https://api.qa.sunnyrewards.com/api/v1/bff/consumer-summary",
  "get_all_consumer_tasks_api_url": "https://api.qa.sunnyrewards.com/api/v1/bff/get-all-consumer-tasks",
  "enroll_api_url": "https://api.qa.sunnyrewards.com/api/v1/bff/enroll",
  "task_update_api_url": "https://api.qa.sunnyrewards.com/api/v1/bff/task-update",
  "get_all_consumer_transactions_api_url": "https://api.qa.sunnyrewards.com/api/v1/bff/get-all-consumer-transactions",
  "refresh_token_url": "https://api.qa.sunnyrewards.com/api/v1/login/refresh-token",
  "get_tenant_by_consumer_code_url": "https://api.qa.sunnyrewards.com/api/Tenant/get-tenant-by-consumer-code",
  "bff_wallets": "https://api.qa.sunnyrewards.com/api/v1/wallets",
  "get_consumer_sub_task_url": "https://api.qa.sunnyrewards.com/api/v1/bff/get-consumer-subtasks",
  "get_component_list_url": "https://api.qa.sunnyrewards.com/api/v1/component-list",
  "get_available_trivia_tasks_url": "https://api.qa.sunnyrewards.com/api/v1/available-trivia-task?consumerCode=cmr-7ffced88fbee4348b55e2b34e3936eb8"
}

