{
  "x_api_key_dev": "83JvM5jPd/CxRh4d3XHXOYljCa8pSn51MdudtxDS7aFH3woAnrnzwhBgxkehkITPxsATXCJFgnkPst+elm2aWCI5m2yMsiA9Bn5CI1HAT2lp5AgO5T6VVAKQy5XnAzw4",
  "x_api_key": "LyF37jGmvpoInV4zAKtLv9Ap1kllUw3NwSJLs7J77NQfs+2h8pYyRwvyN/bxFd8LrufSoJRRO8XZRQ/rn+rPwMNnJm/fOdvMYOLQaCNDV8b9M3o/nZr2vga7Tp3EAaLW",
  "x_api_session_key": "eyJhbGciOiJIUzI1NiIsInR5cCI6IkpXVCJ9.eyJjdXN0b21lckNvZGUiOiJjdXMtMDRjMjExYjQzMzkzNDg1MDllYWE4NzBjZGVhNTk2MDAiLCJjdXN0b21lckxhYmVsIjoiVW5pdGVkIiwiZXhwIjoxNzE4OTU4NzU0fQ.j5YTtSi26s6B4zzRn7VYi1Y2keI4X_f1xLmScGluV0E",
  "x_api_session_key_dev": "eyJhbGciOiJIUzI1NiIsInR5cCI6IkpXVCJ9.eyJjdXN0b21lckNvZGUiOiJjdXMtMDRjMjExYjQzMzkzNDg1MDllYWE4NzBjZGVhNTk2MDAiLCJjdXN0b21lckxhYmVsIjoiVW5pdGVkIiwiZXhwIjoxNzE4NzE0NzQ0fQ.DlNRxjtWcr5cRRusvkNKtTCU31cmJdXXnLFbNM2wq_I",
  "payload1": {
    "partnerCode": "par-7e92b06aa4fe405198d27d2427bf3de4",
    "members": [
      {
        "memberDetail": {
          "firstName": "Timothy",
          "lastName": "AutoHansen",
          "languageCode": "en-US",
          "memberSince": "2024-06-20T08:32:51.494Z",
          "email": "timothyhansen@yopmail.com",
          "city": "Nashua",
          "country": "US",
          "postalCode": "03062",
          "phoneNumber": "(214) 555-7777",
          "region": "string",
          "dob": "1994-06-20T08:32:51.494Z",
          "gender": "male",
          "ssnLast4": "",
          "mailingAddressLine1": "123 Main Street",
          "mailingAddressLine2": "test",
          "mailingState": "NH",
          "mailingCountryCode": "840",
          "homePhoneNumber": "1234567890"
        },
        "enrollmentDetail": {
          "partnerCode": "par-7e92b06aa4fe405198d27d2427bf3de4",
          "memberNbr": "1iy7nqq8v2mgkpyxffphd7i3rprb8v",
          "subscriberMemberNbr": "1iy7nqq8v2mgkpyxffphd7i3rprb8v",
          "registrationTs": "2024-06-20T08:32:51.494Z",
          "eligibleStartTs": "2024-06-20T08:32:51.494Z",
          "eligibleEndTs": "2024-06-20T08:32:51.494Z"
        }
      }
    ]
  },
  "token_API_Payload": {
    "customerCode": "cus-04c211b4339348509eaa870cdea59600",
    "customerLabel": "United"
  }
}
