{"balance":5000,"onsession":{"currentPayload":{"env":"sandbox","security_token":"914230ab-1064-474a-91a0-594386a5635d","partner_session_id":"cmr-cf1f04ba9ee4449a84c6dc3b93dcc7dd","partner_id":"ea8da4bd-89f9-4a7b-bfca-a0679150d66c"}},"balanceApi":{"currentPayload":{"env":"sandbox","security_token":"914230ab-1064-474a-91a0-594386a5635d","partner_user_id":"","request_id":"813ymhd-89f9-4a7b-bfca-a0679114vfu","partner_id":"ea8da4bd-89f9-4a7b-bfca-a0679150d66c","partner_session_id":"cmr-cf1f04ba9ee4449a84c6dc3b93dcc7dd","giftcard_cost":1000,"giftcard_value":1000,"giftcard_data":{"name":"","image_url":"","logomark_url":""}}},"successApi":{"currentPayload":{"env":"sandbox","security_token":"914230ab-1064-474a-91a0-594386a5635d","partner_user_id":"","request_id":"813ymhd-89f9-4a7b-bfca-a0679114vfu","partner_id":"ea8da4bd-89f9-4a7b-bfca-a0679150d66c","partner_session_id":"cmr-cf1f04ba9ee4449a84c6dc3b93dcc7dd","giftcard_cost":1000,"giftcard_value":1000},"redemptionStatus":"COMPLETED"},"failApi":{"currentPayload":{"env":"sandbox","security_token":"914230ab-1064-474a-91a0-594386a5635d","partner_user_id":"","request_id":"whuo6hd-89f9-4a7b-bfca-a0679114vfu","partner_id":"ea8da4bd-89f9-4a7b-bfca-a0679150d66c","partner_session_id":"cmr-406aaddf9e644fde8fc73c3830c4971c","giftcard_cost":1000,"giftcard_value":1000},"previousBalance":186,"transactionAmount":5,"totalBalance":191}}