{
  "consumerPersonDetail": {
    "firstName": "Everardo",
    "lastName": "Morissette",
    "memberSince": "2024-06-04T07:54:09.071566",
    "email": "everardomorissette@yopmail.com"
  },
  "consumerWallet": {
    "consumerWalletId": 1571,
    "walletId": 1585,
    "tenantCode": "ten-ecada21e57154928a2bb959e8365b8b4",
    "consumerCode": "cmr-9f7877ea5e564b5bb3c14b983fe14f5c",
    "consumerRole": "O",
    "earnMaximum": 0,
    "xmin": 229545,
    "createTs": "2024-06-04T07:54:09.798182",
    "updateTs": "0001-01-01T00:00:00",
    "createUser": "SYSTEM",
    "updateUser": "",
    "deleteNbr": 0
  },
  "consumerWalletDetail": {
    "wallets": [
      {
        "walletId": 1584,
        "walletTypeId": 1,
        "customerCode": "cus-17877830b95a4f2e84186755919ff5ed",
        "sponsorCode": null,
        "tenantCode": "ten-ecada21e57154928a2bb959e8365b8b4",
        "walletCode": "wal-bf1d313690fa42b089eb3fa986d996d7",
        "masterWallet": false,
        "walletName": null,
        "active": true,
        "activeStartTs": "2024-06-04T07:54:09.762228",
        "activeEndTs": "0001-01-01T00:00:00",
        "balance": 0,
        "earnMaximum": 500,
        "totalEarned": 0,
        "pendingTasksTotalRewardAmount": 0,
        "leftToEarn": 500,
        "xmin": 229544,
        "createTs": "2024-06-04T07:54:09.762228",
        "updateTs": "0001-01-01T00:00:00",
        "createUser": "SYSTEM",
        "updateUser": "",
        "deleteNbr": 0
      },
      {
        "walletId": 1585,
        "walletTypeId": 7,
        "customerCode": "cus-2fbb88e3b25a4a918663162d15f81d24",
        "sponsorCode": null,
        "tenantCode": "ten-ecada21e57154928a2bb959e8365b8b4",
        "walletCode": "wal-578223107c7b44b9a3d0c54732859a40",
        "masterWallet": false,
        "walletName": "SWEEPSTAKES_REWARD",
        "active": true,
        "activeStartTs": "2024-06-04T07:54:09.796659",
        "activeEndTs": "2024-12-31T23:59:59",
        "balance": 0,
        "earnMaximum": 500,
        "totalEarned": 0,
        "pendingTasksTotalRewardAmount": 0,
        "leftToEarn": 500,
        "xmin": 229545,
        "createTs": "2024-06-04T07:54:09.796659",
        "updateTs": "0001-01-01T00:00:00",
        "createUser": "SYSTEM",
        "updateUser": "",
        "deleteNbr": 0
      }
    ],
    "recentTransactions": [],
    "taskRewardDetail": {}
  },
  "availableTasks": [
    {
      "task": {
        "taskId": 77,
        "taskTypeId": 2,
        "taskCode": "tsk-7342732429fa4d77b40b0c8699aaf3bf",
        "taskName": "Play Monthly Trivia 2",
        "selfReport": false,
        "confirmReport": false,
        "taskCategoryId": 0,
        "taskHeader": null,
        "taskDescription": null,
        "termsOfService": null,
        "isSubtask": false,
        "createTs": "2024-04-02T11:20:01.502865",
        "updateTs": "0001-01-01T00:00:00",
        "createUser": "per-915325069cdb42c783dd4601e1d27704",
        "updateUser": null,
        "deleteNbr": 0
      },
      "taskReward": {
        "taskId": 77,
        "taskRewardId": 265,
        "rewardTypeId": 2,
        "tenantCode": "ten-ecada21e57154928a2bb959e8365b8b4",
        "taskRewardCode": "trw-af9f3033b07849c4b6153e1f087a9d79",
        "taskActionUrl": "",
        "reward": "{ \"rewardAmount\": \"50\"}",
        "priority": 2000,
        "expiry": "2025-01-01T00:00:00",
        "minTaskDuration": 0,
        "maxTaskDuration": 0,
        "taskExternalCode": "play_mont_triv_2",
        "validStartTs": "2024-04-01T00:00:00",
        "isRecurring": true,
        "recurrenceDefinitionJson": "{\"periodic\": {\"period\": \"MONTH\", \"periodRestartDate\": 1}, \"recurrenceType\": \"PERIODIC\"}",
        "selfReport": true,
        "taskCompletionCriteriaJson": null,
        "createTs": "2024-04-02T11:20:01.502865",
        "updateTs": "0001-01-01T00:00:00",
        "createUser": "per-915325069cdb42c783dd4601e1d27704",
        "updateUser": null,
        "deleteNbr": 0
      },
      "taskDetail": {
        "taskId": 77,
        "taskDetailId": 430,
        "termsOfServiceId": 1,
        "taskHeader": "Play Monthly Trivia",
        "taskDescription": "Complete actions to win prizes",
        "languageCode": "en-US",
        "tenantCode": "ten-ecada21e57154928a2bb959e8365b8b4",
        "taskCtaButtonText": "Play Now",
        "createTs": "2024-04-02T11:20:01.502865",
        "updateTs": "0001-01-01T00:00:00",
        "createUser": "per-915325069cdb42c783dd4601e1d27704",
        "updateUser": null,
        "deleteNbr": 0
      },
      "termsOfService": {
        "termsOfServiceId": 1,
        "termsOfServiceText": "We provide you access and use of our websites, including and other Internet sites, mobile applications, and social media sites operated by or for XYZ Corp (collectively, the 'Sites'), subject to your compliance with these terms and conditions of use (the 'Site Terms' ). By accessing, browsing, and using the Sites, you agree to be bound by the Site Terms and all applicable law. If you do not agree to be bound by the Site Terms and applicable law each time you use the Sites or you do not have the authority to agree to or accept these Site Terms, you may not use the Sites.\nWe provide you access and use of our websites, including and other Internet sites, mobile applications, and social media sites operated by or for XYZ Corp (collectively, the 'Sites'), subject to your compliance with these terms and conditions of use (the 'Site Terms' ). By accessing, browsing, and using the Sites, you agree to be bound by the Site Terms and all applicable law. If you do not agree to be bound by the Site Terms and applicable law each time you use the Sites or you do not have the authority to agree to or accept these Site Terms, you may not use the Sites.\nWe provide you access and use of our websites, including and other Internet sites, mobile applications, and social media sites operated by or for XYZ Corp (collectively, the 'Sites'), subject to your compliance with these terms and conditions of use (the 'Site Terms' ). By accessing, browsing, and using the Sites, you agree to be bound by the Site Terms and all applicable law. If you do not agree to be bound by the Site Terms and applicable law each time you use the Sites or you do not have the authority to agree to or accept these Site Terms, you may not use the Sites.",
        "languageCode": "en-US",
        "createTs": "2023-06-14T02:03:27.500006",
        "updateTs": "2023-06-14T02:03:27.500006",
        "createUser": "per-915325069cdb42c783dd4601e1d27704",
        "updateUser": null,
        "deleteNbr": 0
      },
      "tenantTaskCategory": null,
      "taskType": {
        "taskTypeId": 2,
        "taskTypeCode": "tty-5c44328dce5a4b60ab79ab13e9253f27",
        "taskTypeName": "TRIVIA",
        "taskTypeDescription": "Trivia questions",
        "createTs": "2023-11-13T14:54:25.09822",
        "updateTs": "0001-01-01T00:00:00",
        "createUser": "per-915325069cdb42c783dd4601e1d27704",
        "updateUser": null,
        "deleteNbr": 0
      },
      "rewardTypeName": "SWEEPSTAKES_ENTRIES"
    },
    {
      "task": {
        "taskId": 83,
        "taskTypeId": 1,
        "taskCode": "tsk-28130fa07309432a92885fde7e2a57b0",
        "taskName": "Saving For Your Retirement",
        "selfReport": false,
        "confirmReport": false,
        "taskCategoryId": 0,
        "taskHeader": null,
        "taskDescription": null,
        "termsOfService": null,
        "isSubtask": false,
        "createTs": "2024-05-17T08:58:14.090815",
        "updateTs": "0001-01-01T00:00:00",
        "createUser": "per-915325069cdb42c783dd4601e1d27704",
        "updateUser": null,
        "deleteNbr": 0
      },
      "taskReward": {
        "taskId": 83,
        "taskRewardId": 271,
        "rewardTypeId": 1,
        "tenantCode": "ten-ecada21e57154928a2bb959e8365b8b4",
        "taskRewardCode": "trw-09e062e854bf46319438c0fcccdf6579",
        "taskActionUrl": "https://login.voya.com/voyassoui/index.html?domain=voyaretirement.voya.com#/login-pweb",
        "reward": "{\"rewardAmount\":\"100\"}",
        "priority": 85,
        "expiry": "2024-12-31T00:00:00",
        "minTaskDuration": 0,
        "maxTaskDuration": 0,
        "taskExternalCode": "",
        "validStartTs": "2024-01-01T00:00:00",
        "isRecurring": false,
        "recurrenceDefinitionJson": "{\"periodic\": {\"period\": \"\", \"periodRestartDate\": 1}, \"recurrenceType\": \"PERIODIC\"}",
        "selfReport": false,
        "taskCompletionCriteriaJson": null,
        "createTs": "2024-05-17T08:58:14.090815",
        "updateTs": "0001-01-01T00:00:00",
        "createUser": "per-915325069cdb42c783dd4601e1d27704",
        "updateUser": null,
        "deleteNbr": 0
      },
      "taskDetail": {
        "taskId": 83,
        "taskDetailId": 436,
        "termsOfServiceId": 1,
        "taskHeader": "Saving For Your Retirement",
        "taskDescription": "Retirement can seem a long way off or just around the corner. It's never too early or late to maximize savings. Invest in your future today by contributing to your 401K.\n{{BULLET}} Setup your account.\n{{BULLET}} Learn the benefits of a 401K.\n{{BULLET}} Review your investment options.\n{{BULLET}} Make a contribution. Try to maximize it!",
        "languageCode": "en-US",
        "tenantCode": "ten-ecada21e57154928a2bb959e8365b8b4",
        "taskCtaButtonText": "Invest Today",
        "createTs": "2024-05-17T08:58:14.090815",
        "updateTs": "0001-01-01T00:00:00",
        "createUser": "per-915325069cdb42c783dd4601e1d27704",
        "updateUser": null,
        "deleteNbr": 0
      },
      "termsOfService": {
        "termsOfServiceId": 1,
        "termsOfServiceText": "We provide you access and use of our websites, including and other Internet sites, mobile applications, and social media sites operated by or for XYZ Corp (collectively, the 'Sites'), subject to your compliance with these terms and conditions of use (the 'Site Terms' ). By accessing, browsing, and using the Sites, you agree to be bound by the Site Terms and all applicable law. If you do not agree to be bound by the Site Terms and applicable law each time you use the Sites or you do not have the authority to agree to or accept these Site Terms, you may not use the Sites.\nWe provide you access and use of our websites, including and other Internet sites, mobile applications, and social media sites operated by or for XYZ Corp (collectively, the 'Sites'), subject to your compliance with these terms and conditions of use (the 'Site Terms' ). By accessing, browsing, and using the Sites, you agree to be bound by the Site Terms and all applicable law. If you do not agree to be bound by the Site Terms and applicable law each time you use the Sites or you do not have the authority to agree to or accept these Site Terms, you may not use the Sites.\nWe provide you access and use of our websites, including and other Internet sites, mobile applications, and social media sites operated by or for XYZ Corp (collectively, the 'Sites'), subject to your compliance with these terms and conditions of use (the 'Site Terms' ). By accessing, browsing, and using the Sites, you agree to be bound by the Site Terms and all applicable law. If you do not agree to be bound by the Site Terms and applicable law each time you use the Sites or you do not have the authority to agree to or accept these Site Terms, you may not use the Sites.",
        "languageCode": "en-US",
        "createTs": "2023-06-14T02:03:27.500006",
        "updateTs": "2023-06-14T02:03:27.500006",
        "createUser": "per-915325069cdb42c783dd4601e1d27704",
        "updateUser": null,
        "deleteNbr": 0
      },
      "tenantTaskCategory": null,
      "taskType": {
        "taskTypeId": 1,
        "taskTypeCode": "tty-dc2638e6ba2c47d4be6921e68175f43d",
        "taskTypeName": "HEALTH_ACTIONS",
        "taskTypeDescription": "Health Actions",
        "createTs": "2023-06-14T01:17:18.00381",
        "updateTs": "2023-06-14T01:17:18.00381",
        "createUser": "per-915325069cdb42c783dd4601e1d27704",
        "updateUser": null,
        "deleteNbr": 0
      },
      "rewardTypeName": "MONETARY_DOLLARS"
    },
    {
      "task": {
        "taskId": 85,
        "taskTypeId": 1,
        "taskCode": "tsk-62ae77a15301474593d318300fc4bd8e",
        "taskName": "Consolidate Your Assets",
        "selfReport": false,
        "confirmReport": false,
        "taskCategoryId": 0,
        "taskHeader": null,
        "taskDescription": null,
        "termsOfService": null,
        "isSubtask": false,
        "createTs": "2024-05-17T08:58:20.336328",
        "updateTs": "0001-01-01T00:00:00",
        "createUser": "per-915325069cdb42c783dd4601e1d27704",
        "updateUser": null,
        "deleteNbr": 0
      },
      "taskReward": {
        "taskId": 85,
        "taskRewardId": 273,
        "rewardTypeId": 1,
        "tenantCode": "ten-ecada21e57154928a2bb959e8365b8b4",
        "taskRewardCode": "trw-58c1edf598514a13b82e0510b1c95726",
        "taskActionUrl": "https://sunnyrewards.com/",
        "reward": "{\"rewardAmount\":\"50\"}",
        "priority": 69,
        "expiry": "2024-12-31T00:00:00",
        "minTaskDuration": 0,
        "maxTaskDuration": 0,
        "taskExternalCode": "get_your_affa_in_orde",
        "validStartTs": "2024-01-01T00:00:00",
        "isRecurring": false,
        "recurrenceDefinitionJson": "{\"periodic\": {\"period\": \"\", \"periodRestartDate\": 1}, \"recurrenceType\": \"PERIODIC\"}",
        "selfReport": false,
        "taskCompletionCriteriaJson": null,
        "createTs": "2024-05-17T08:58:20.336328",
        "updateTs": "0001-01-01T00:00:00",
        "createUser": "per-915325069cdb42c783dd4601e1d27704",
        "updateUser": null,
        "deleteNbr": 0
      },
      "taskDetail": {
        "taskId": 85,
        "taskDetailId": 437,
        "termsOfServiceId": 1,
        "taskHeader": "Consolidate Your Assets",
        "taskDescription": "Have retirement accounts, HSA accounts or other savings accounts spread out across different servicers?  Consolidate to get the most out of your investments and make it simple to track them.",
        "languageCode": "en-US",
        "tenantCode": "ten-ecada21e57154928a2bb959e8365b8b4",
        "taskCtaButtonText": "Consolidate Now",
        "createTs": "2024-05-17T08:58:20.336328",
        "updateTs": "0001-01-01T00:00:00",
        "createUser": "per-915325069cdb42c783dd4601e1d27704",
        "updateUser": null,
        "deleteNbr": 0
      },
      "termsOfService": {
        "termsOfServiceId": 1,
        "termsOfServiceText": "We provide you access and use of our websites, including and other Internet sites, mobile applications, and social media sites operated by or for XYZ Corp (collectively, the 'Sites'), subject to your compliance with these terms and conditions of use (the 'Site Terms' ). By accessing, browsing, and using the Sites, you agree to be bound by the Site Terms and all applicable law. If you do not agree to be bound by the Site Terms and applicable law each time you use the Sites or you do not have the authority to agree to or accept these Site Terms, you may not use the Sites.\nWe provide you access and use of our websites, including and other Internet sites, mobile applications, and social media sites operated by or for XYZ Corp (collectively, the 'Sites'), subject to your compliance with these terms and conditions of use (the 'Site Terms' ). By accessing, browsing, and using the Sites, you agree to be bound by the Site Terms and all applicable law. If you do not agree to be bound by the Site Terms and applicable law each time you use the Sites or you do not have the authority to agree to or accept these Site Terms, you may not use the Sites.\nWe provide you access and use of our websites, including and other Internet sites, mobile applications, and social media sites operated by or for XYZ Corp (collectively, the 'Sites'), subject to your compliance with these terms and conditions of use (the 'Site Terms' ). By accessing, browsing, and using the Sites, you agree to be bound by the Site Terms and all applicable law. If you do not agree to be bound by the Site Terms and applicable law each time you use the Sites or you do not have the authority to agree to or accept these Site Terms, you may not use the Sites.",
        "languageCode": "en-US",
        "createTs": "2023-06-14T02:03:27.500006",
        "updateTs": "2023-06-14T02:03:27.500006",
        "createUser": "per-915325069cdb42c783dd4601e1d27704",
        "updateUser": null,
        "deleteNbr": 0
      },
      "tenantTaskCategory": null,
      "taskType": {
        "taskTypeId": 1,
        "taskTypeCode": "tty-dc2638e6ba2c47d4be6921e68175f43d",
        "taskTypeName": "HEALTH_ACTIONS",
        "taskTypeDescription": "Health Actions",
        "createTs": "2023-06-14T01:17:18.00381",
        "updateTs": "2023-06-14T01:17:18.00381",
        "createUser": "per-915325069cdb42c783dd4601e1d27704",
        "updateUser": null,
        "deleteNbr": 0
      },
      "rewardTypeName": "MONETARY_DOLLARS"
    },
    {
      "task": {
        "taskId": 82,
        "taskTypeId": 1,
        "taskCode": "tsk-4cae3305cb8f45e6b460805c8e83c242",
        "taskName": "Meet With A Financial Advisor",
        "selfReport": false,
        "confirmReport": false,
        "taskCategoryId": 0,
        "taskHeader": null,
        "taskDescription": null,
        "termsOfService": null,
        "isSubtask": false,
        "createTs": "2024-05-17T08:58:08.563232",
        "updateTs": "0001-01-01T00:00:00",
        "createUser": "per-915325069cdb42c783dd4601e1d27704",
        "updateUser": null,
        "deleteNbr": 0
      },
      "taskReward": {
        "taskId": 82,
        "taskRewardId": 270,
        "rewardTypeId": 1,
        "tenantCode": "ten-ecada21e57154928a2bb959e8365b8b4",
        "taskRewardCode": "trw-eda9e44e3dc84101bcf355bcb37e4f0d",
        "taskActionUrl": "https://www.voya.com/find-professional",
        "reward": "{\"rewardAmount\":\"50\"}",
        "priority": 18,
        "expiry": "2024-12-31T00:00:00",
        "minTaskDuration": 0,
        "maxTaskDuration": 0,
        "taskExternalCode": "meet_with_a_fina_advi",
        "validStartTs": "2024-01-01T00:00:00",
        "isRecurring": false,
        "recurrenceDefinitionJson": "{\"periodic\": {\"period\": \"\", \"periodRestartDate\": 1}, \"recurrenceType\": \"PERIODIC\"}",
        "selfReport": false,
        "taskCompletionCriteriaJson": null,
        "createTs": "2024-05-17T08:58:08.563232",
        "updateTs": "0001-01-01T00:00:00",
        "createUser": "per-915325069cdb42c783dd4601e1d27704",
        "updateUser": null,
        "deleteNbr": 0
      },
      "taskDetail": {
        "taskId": 82,
        "taskDetailId": 435,
        "termsOfServiceId": 1,
        "taskHeader": "Meet With A Financial Advisor",
        "taskDescription": "Have you met with a Financial Advisor?  \n{{BULLET}} Gain valuable insights.\n{{BULLET}} Access tools to support your retirement goals.  \n{{BULLET}} Meet with one for FREE to put your financial plan into action.",
        "languageCode": "en-US",
        "tenantCode": "ten-ecada21e57154928a2bb959e8365b8b4",
        "taskCtaButtonText": "Schedule Now",
        "createTs": "2024-05-17T08:58:08.563232",
        "updateTs": "0001-01-01T00:00:00",
        "createUser": "per-915325069cdb42c783dd4601e1d27704",
        "updateUser": null,
        "deleteNbr": 0
      },
      "termsOfService": {
        "termsOfServiceId": 1,
        "termsOfServiceText": "We provide you access and use of our websites, including and other Internet sites, mobile applications, and social media sites operated by or for XYZ Corp (collectively, the 'Sites'), subject to your compliance with these terms and conditions of use (the 'Site Terms' ). By accessing, browsing, and using the Sites, you agree to be bound by the Site Terms and all applicable law. If you do not agree to be bound by the Site Terms and applicable law each time you use the Sites or you do not have the authority to agree to or accept these Site Terms, you may not use the Sites.\nWe provide you access and use of our websites, including and other Internet sites, mobile applications, and social media sites operated by or for XYZ Corp (collectively, the 'Sites'), subject to your compliance with these terms and conditions of use (the 'Site Terms' ). By accessing, browsing, and using the Sites, you agree to be bound by the Site Terms and all applicable law. If you do not agree to be bound by the Site Terms and applicable law each time you use the Sites or you do not have the authority to agree to or accept these Site Terms, you may not use the Sites.\nWe provide you access and use of our websites, including and other Internet sites, mobile applications, and social media sites operated by or for XYZ Corp (collectively, the 'Sites'), subject to your compliance with these terms and conditions of use (the 'Site Terms' ). By accessing, browsing, and using the Sites, you agree to be bound by the Site Terms and all applicable law. If you do not agree to be bound by the Site Terms and applicable law each time you use the Sites or you do not have the authority to agree to or accept these Site Terms, you may not use the Sites.",
        "languageCode": "en-US",
        "createTs": "2023-06-14T02:03:27.500006",
        "updateTs": "2023-06-14T02:03:27.500006",
        "createUser": "per-915325069cdb42c783dd4601e1d27704",
        "updateUser": null,
        "deleteNbr": 0
      },
      "tenantTaskCategory": null,
      "taskType": {
        "taskTypeId": 1,
        "taskTypeCode": "tty-dc2638e6ba2c47d4be6921e68175f43d",
        "taskTypeName": "HEALTH_ACTIONS",
        "taskTypeDescription": "Health Actions",
        "createTs": "2023-06-14T01:17:18.00381",
        "updateTs": "2023-06-14T01:17:18.00381",
        "createUser": "per-915325069cdb42c783dd4601e1d27704",
        "updateUser": null,
        "deleteNbr": 0
      },
      "rewardTypeName": "MONETARY_DOLLARS"
    }
  ],
  "pendingTasks": [],
  "errorCode": null,
  "errorMessage": null,
  "errorDescription": null,
  "errorDescriptionType": null
}
