{"consumer_login_api_url":"https://api.dev.sunnyrewards.com/api/v1/login/consumer-login","consumer_summary_api_url":"https://api.dev.sunnyrewards.com/api/v1/bff/consumer-summary","get_all_consumer_tasks_api_url":"https://api.dev.sunnyrewards.com/api/v1/bff/get-all-consumer-tasks","enroll_api_url":"https://api.dev.sunnyrewards.com/api/v1/bff/enroll","task_update_api_url":"https://api.dev.sunnyrewards.com/api/v1/bff/task-update","get_all_consumer_transactions_api_url":"https://api.dev.sunnyrewards.com/api/v1/bff/get-all-consumer-transactions","refresh_token_url":"https://api.dev.sunnyrewards.com/api/v1/login/refresh-token","get_tenant_by_consumer_code_url":"https://api.dev.sunnyrewards.com/api/Tenant/get-tenant-by-consumer-code","get_consumer_subtasks_url":"https://api.dev.sunnyrewards.com/api/v1/bff/get-consumer-subtasks","complete_subTask":"https://api.dev.sunnyrewards.com/api/v1/bff/complete-subtask","get_available_tasks_by_reward_type":"https://api.dev.sunnyrewards.com/api/v1/bff/get-available-tasks-by-reward-type"}