{"x_api_key":"83JvM5jPd/CxRh4d3XHXOYljCa8pSn51MdudtxDS7aFH3woAnrnzwhBgxkehkITPxsATXCJFgnkPst+elm2aWCI5m2yMsiA9Bn5CI1HAT2lp5AgO5T6VVAKQy5XnAzw4","x_api_session_key":"eyJhbGciOiJIUzI1NiIsInR5cCI6IkpXVCJ9.eyJjdXN0b21lckNvZGUiOiJjdXMtMDRjMjExYjQzMzkzNDg1MDllYWE4NzBjZGVhNTk2MDAiLCJjdXN0b21lckxhYmVsIjoiVW5pdGVkIiwiZXhwIjoxNzIxMzgxNjU3fQ.A9hbBRrOcZqpzTXyU1ywPckHmNO3uKv5mUsV0pjQBrc","payload":{"partnerCode":"par-7e92b06aa4fe405198d27d2427bf3de4","members":[{"memberDetail":{"firstName":"Rupert","lastName":"Stehr","languageCode":"en-US","memberSince":"2024-07-18T09:34:17.449Z","email":"rupertstehr@yopmail.com","city":"Nashua","country":"US","postalCode":"03062","phoneNumber":"(214) 555-7777","region":"string","dob":"1991-07-18T09:34:17.449Z","gender":"female","ssnLast4":"","mailingAddressLine1":"123 Main Street","mailingAddressLine2":"test","mailingState":"NH","mailingCountryCode":"840","homePhoneNumber":"1234567890"},"enrollmentDetail":{"partnerCode":"par-7e92b06aa4fe405198d27d2427bf3de4","memberNbr":"vwjh6pswqnp9vhnfqr6smhp45y1yxd","subscriberMemberNbr":"vwjh6pswqnp9vhnfqr6smhp45y1yxd","registrationTs":"2024-07-18T09:34:17.450Z","eligibleStartTs":"2024-07-18T09:34:17.450Z","eligibleEndTs":"2024-07-18T09:34:17.450Z"}}]},"token_API_Payload":{"customerCode":"cus-04c211b4339348509eaa870cdea59600","customerLabel":"United"}}