{"balance":7600,"onsession":{"currentPayload":{"env":"sandbox","security_token":"914230ab-1064-474a-91a0-594386a5635d","partner_session_id":"cmr-d68fb30a8ebd4839a1f557b0c626226f","partner_id":"ea8da4bd-89f9-4a7b-bfca-a0679150d66c"}},"balanceApi":{"currentPayload":{"env":"sandbox","security_token":"914230ab-1064-474a-91a0-594386a5635d","partner_user_id":"string","request_id":"bief9hd-89f9-4a7b-bfca-a0679114vfu","partner_id":"ea8da4bd-89f9-4a7b-bfca-a0679150d66c","partner_session_id":"cmr-d68fb30a8ebd4839a1f557b0c626226f","giftcard_cost":100,"giftcard_value":100,"giftcard_data":{"name":"string","image_url":"string","logomark_url":"string"}}},"successApi":{"currentPayload":{"env":"sandbox","security_token":"914230ab-1064-474a-91a0-594386a5635d","partner_user_id":"string","request_id":"xjojxhd-89f9-4a7b-bfca-a0679114vfu","partner_id":"ea8da4bd-89f9-4a7b-bfca-a0679150d66c","partner_session_id":"cmr-d68fb30a8ebd4839a1f557b0c626226f","giftcard_cost":100,"giftcard_value":100},"redemptionStatus":"COMPLETED"},"failApi":{"currentPayload":{"env":"sandbox","security_token":"914230ab-1064-474a-91a0-594386a5635d","partner_user_id":"string","request_id":"bief9hd-89f9-4a7b-bfca-a0679114vfu","partner_id":"ea8da4bd-89f9-4a7b-bfca-a0679150d66c","partner_session_id":"cmr-5526dcbdb9a641068a3de2cf98e8545e","giftcard_cost":100,"giftcard_value":100},"previousBalance":185,"transactionAmount":1,"totalBalance":186}}