{"balance":10000,"onsession":{"currentPayload":{"env":"sandbox","security_token":"914230ab-1064-474a-91a0-594386a5635d","partner_session_id":"cmr-463caab21c9a4bffa97249f6f99a3a7b","partner_id":"ea8da4bd-89f9-4a7b-bfca-a0679150d66c"}},"balanceApi":{"currentPayload":{"env":"sandbox","security_token":"914230ab-1064-474a-91a0-594386a5635d","partner_user_id":"","request_id":"3n4c7hd-89f9-4a7b-bfca-a0679114vfu","partner_id":"ea8da4bd-89f9-4a7b-bfca-a0679150d66c","partner_session_id":"cmr-463caab21c9a4bffa97249f6f99a3a7b","giftcard_cost":100,"giftcard_value":100,"giftcard_data":{"name":"","image_url":"","logomark_url":""}}},"successApi":{"currentPayload":{"env":"sandbox","security_token":"914230ab-1064-474a-91a0-594386a5635d","partner_user_id":"","request_id":"56ovnhd-89f9-4a7b-bfca-a0679114vfu","partner_id":"ea8da4bd-89f9-4a7b-bfca-a0679150d66c","partner_session_id":"cmr-463caab21c9a4bffa97249f6f99a3a7b","giftcard_cost":100,"giftcard_value":100},"redemptionStatus":"COMPLETED"},"failApi":{"currentPayload":{"env":"sandbox","security_token":"914230ab-1064-474a-91a0-594386a5635d","partner_user_id":"","request_id":"3n4c7hd-89f9-4a7b-bfca-a0679114vfu","partner_id":"ea8da4bd-89f9-4a7b-bfca-a0679150d66c","partner_session_id":"cmr-5526dcbdb9a641068a3de2cf98e8545e","giftcard_cost":100,"giftcard_value":100}}}