[{"keyword":"Feature","type":"feature","description":"","line":1,"name":"verifying ETL flow","uri":"C:\\SunnyRewards_Final\\qa-automation\\features\\ApiFeature\\etlTesting_2523.feature","tags":[],"elements":[{"keyword":"Scenario","type":"scenario","description":"","name":"Verifying test card creation of new accounts for a given tenant.","tags":[],"id":"verifying-etl-flowverifying-test-card-creation-of-new-accounts-for-a-given-tenant.","steps":[{"arguments":[],"keyword":"Before","name":"","result":{"status":"passed","duration":1000000},"line":null,"match":{"location":"can not be determined with webdriver.io"}},{"arguments":[],"keyword":"When","name":"User deletes all the etl files present in the etl folder","result":{"status":"passed","duration":2000000},"line":null,"match":{"location":"can not be determined with webdriver.io"}},{"arguments":[],"keyword":"When","name":"User captures X-API_SESSION-KEY from token API in Dev","result":{"status":"passed","duration":2273000000},"line":null,"match":{"location":"can not be determined with webdriver.io"}},{"arguments":[],"keyword":"When","name":"User creates 30 consumer using the data-feed-member API","result":{"status":"passed","duration":17153000000},"line":null,"match":{"location":"can not be determined with webdriver.io"}},{"arguments":[],"keyword":"Then","name":"User opens command promt and execute command to verify consumers","result":{"status":"passed","duration":53632000000},"line":null,"match":{"location":"can not be determined with webdriver.io"}},{"arguments":[],"keyword":"Then","name":"User validate newly created consumers from etl file","result":{"status":"passed","duration":1000000},"line":null,"match":{"location":"can not be determined with webdriver.io"}},{"arguments":[],"keyword":"After","name":"","result":{"status":"passed","duration":775000000},"line":null,"match":{"location":"can not be determined with webdriver.io"}}]}],"id":"verifying-etl-flow","metadata":{"browser":{"name":"chrome-headless-shell","version":"126.0.6478.63"},"device":"Device name not known","platform":{"name":"windows","version":"Version not known"}}}]
